Codigo;Nome;TipoEstacao;Operando;Rio;Municipio;ResponsavelSigla;OperadoraSigla;EstacaoTelemetrica;AreaDrenagem;Latitude;Longitude;Descricao
65035001;UHE GOV. NEY AMINTHAS PORTO AMAZONAS;Fluviométrica;Sim;RIO IGUAÇU;PORTO AMAZONAS;COPEL;COPEL;Sim;3620.0;-25.5481;-49.8894;RES. ANA/ANEEL N. 03/2010
65060001;UHE GOV. NEY AMINTHAS SÃO MATEUS DO SUL;Fluviométrica;Sim;RIO IGUAÇU;SÃO MATEUS DO SUL;COPEL;COPEL;Sim;6050.0;-25.8756;-50.3894;RES. ANA/ANEEL N. 03/2010
65220001;UHE GOV. BENTO MUNHOZ FLUVIÓPOLIS;Fluviométrica;Sim;RIO IGUAÇU;SÃO MATEUS DO SUL;F.D.A.;F.D.A.;Sim;18600.0;-26.0192;-50.5925;RES. ANA/ANEEL N. 03/2010
65310001;UHE GOV. BENTO MUNHOZ UNIÃO DA VITÓRIA;Fluviométrica;Sim;RIO IGUAÇU;UNIÃO DA VITÓRIA;F.D.A.;F.D.A.;Sim;24200.0;-26.2281;-51.0803;RES. ANA/ANEEL N. 03/2010
65365801;UHE GOV. BENTO MUNHOZ R5 PORTO VITÓRIA;Fluviométrica;Sim;RIO IGUAÇU;PORTO VITÓRIA;F.D.A.;F.D.A.;Sim;24900.0;-26.1653;-51.2281;RES. ANA/ANEEL N. 03/2010
65774400;UHE GOV. BENTO MUNHOZ BARRAMENTO;Fluviométrica;Sim;RIO IGUAÇU;PINHÃO;F.D.A.;F.D.A.;Sim;30100.0;-26.0094;-51.6647;RES. ANA/ANEEL N. 03/2010
65803001;UHE GOV. NEY AMINTHAS BARRAMENTO;Fluviométrica;Sim;RIO IGUAÇU;MANGUEIRINHA;COPEL;COPEL;Sim;34400.0;-25.7883;-52.1147;RES. ANA/ANEEL N. 03/2010
65883051;UHE SALTO SANTIAGO BARRAMENTO;Fluviométrica;Sim;RIO IGUAÇU;SAUDADE DO IGUAÇU;ENGIE;ENGIE;Sim;43900.0;-25.6103;-52.6164;RES. ANA/ANEEL N. 03/2010
65894991;UHE SALTO OSÓRIO BARRAMENTO;Fluviométrica;Sim;RIO IGUAÇU;QUEDAS DO IGUAÇU;ENGIE;ENGIE;Sim;45800.0;-25.5331;-53.0106;RES. ANA/ANEEL N. 03/2010
65970700;BALSA JARACATIÁ;Fluviométrica;Sim;RIO IGUAÇU;TRÊS BARRAS DO PARANÁ;COPEL;COPEL;Sim;55800.0;-25.5828;-53.2672;
65971500;BOA VISTA DA APARECIDA;Fluviométrica;Sim;RIO IGUAÇU;BOA VISTA DA APARECIDA;COPEL;COPEL;Sim;56900.0;-25.5225;-53.3631;
65973501;UHE GOV. JOSÉ RICHA BARRAMENTO;Fluviométrica;Sim;RIO IGUAÇU;NOVA PRATA DO IGUAÇU;COPEL;COPEL;Sim;57100.0;-25.5419;-53.4844;RES. ANA/ANEEL N. 03/2010
65983100;UHE BAIXO IGUAÇU BARRAMENTO;Fluviométrica;Sim;RIO IGUAÇU;CAPITÃO LEÔNIDAS MARQUES;CÉU AZUL;CÉU AZUL;Sim;61580.0;-25.5042;-53.6722;RES. ANA/ANEEL N. 03/2010 Os dados de vazão desta estação localizada no barramento da Usina trata-se da defluência total (vazão turbinada + vazão vert
65984000;UHE BAIXO IGUAÇU JUSANTE;Fluviométrica;Sim;RIO IGUAÇU;CAPANEMA;CÉU AZUL;CÉU AZUL;Sim;62098.0;-25.5853;-53.7278;RES. ANA/ANEEL N. 03/2010
65987000;UHE ITAIPU PORTO CAPANEMA;Fluviométrica;Sim;RIO IGUAÇU;SERRANÓPOLIS DO IGUAÇU;ITAIPU;ITAIPU;Sim;63900.0;-25.5667;-53.9331;RES. ANA/ANEEL N. 03/2010
65987001;UHE GOV. JOSÉ RICHA PORTO CAPANEMA;Fluviométrica;Sim;RIO IGUAÇU;CAPANEMA;COPEL;COPEL;Sim;63900.0;-25.5667;-53.9333;RES. ANA/ANEEL N. 03/2010
65992500;UHE ITAIPU HOTEL CATARATAS;Fluviométrica;Sim;RIO IGUAÇU;FOZ DO IGUAÇU;ITAIPU;ITAIPU;Sim;67100.0;-25.6831;-54.4406;RES. ANA/ANEEL N. 03/2010
65992502;HOTEL CATARATAS - COPEL;Fluviométrica;Sim;RIO IGUAÇU;FOZ DO IGUAÇU;COPEL;COPEL;Sim;67100.0;-25.6833;-54.4289;RES. ANA/ANEEL N. 03/2010
65993000;SALTO CATARATAS;Fluviométrica;Sim;RIO IGUAÇU;FOZ DO IGUAÇU;COPEL;COPEL;Sim;67100.0;-25.6831;-54.4331;RES. ANA/ANEEL N. 03/2010
65980200;UHE BAIXO IGUAÇU RIO CAPANEMA;Fluviométrica;Sim;RIO CAPANEMA;AMPÉRE;CÉU AZUL;CÉU AZUL;Sim;1236.0;-25.9578;-53.5492;RES. ANA/ANEEL N. 03/2010
65975300;UHE BAIXO IGUAÇU RIO ANDRADA;Fluviométrica;Sim;RIO ANDRADA;CAPITÃO LEÔNIDAS MARQUES;CÉU AZUL;CÉU AZUL;Sim;1387.0;-25.4217;-53.5003;RES. ANA/ANEEL N. 03/2010
65960001;UHE GOV. JOSÉ RICHA ÁGUAS DO VERE;Fluviométrica;Sim;RIO CHOPIM;VERÊ;COPEL;COPEL;Sim;6700.0;-25.7739;-52.9244;RES. ANA/ANEEL N. 03/2010
65889700;UHE SALTO OSÓRIO RIO DAS COBRAS;Fluviométrica;Sim;RIO DAS COBRAS;ESPIGÃO ALTO DO IGUAÇU;ENGIE;ENGIE;Sim;409.62;-25.4103;-52.7406;RES. ANA/ANEEL N. 03/2010
2552070;UHE SALTO SANTIAGO BARRAMENTO;Pluviométrica;Sim;;SAUDADE DO IGUAÇU;ENGIE;ENGIE;Sim;;-25.6283;-52.6158;RES. ANA/ANEEL N. 03/2010
2551063;UHE SALTO SANTIAGO GOIOXIM;Pluviométrica;Sim;;GUARAPUAVA;ENGIE;ENGIE;Sim;;-25.2406;-51.9275;RES. ANA/ANEEL N. 03/2010
2552030;UHE SALTO SANTIAGO CHOPINZINHO PLU;Pluviométrica;Sim;;CHOPINZINHO;ENGIE;ENGIE;Sim;;-25.86;-52.5269;RES. ANA/ANEEL N. 03/2010
2552055;UHE SALTO SANTIAGO FOZ DO JORDÃO;Pluviométrica;Não;;FOZ DO JORDÃO;ENGIE;ENGIE;Não;;-25.7747;-52.1139;RES. ANA/ANEEL N. 03/2010
2551015;UHE SALTO SANTIAGO GUARAPUAVA;Pluviométrica;Sim;;GUARAPUAVA;ENGIE;ENGIE;Sim;;-25.3656;-51.4956;RES. ANA/ANEEL N. 03/2010
2553071;UHE BAIXO IGUAÇU RIO ANDRADA;Pluviométrica;Sim;;CAPITÃO LEÔNIDAS MARQUES;CÉU AZUL;CÉU AZUL;Sim;;-25.4217;-53.5003;RES. ANA/ANEEL N. 03/2010
2553073;UHE BAIXO IGUAÇU JUSANTE;Pluviométrica;Sim;;CAPANEMA;CÉU AZUL;CÉU AZUL;Sim;;-25.5853;-53.7278;RES. ANA/ANEEL N. 03/2010
2651058;UHE GOV. BENTO MUNHOZ R5 PORTO VITÓRIA;Pluviométrica;Sim;;PORTO VITÓRIA;F.D.A.;F.D.A.;Sim;;-26.1653;-51.2281;RES. ANA/ANEEL N. 03/2010
2650028;UHE GOVERNADOR BENTO MUNHOZ FOZ DO CACHOEIRA;Pluviométrica;Sim;;TIMBÓ GRANDE;F.D.A.;F.D.A.;Sim;;-26.5875;-50.7283;RES. ANA/ANEEL N. 03/2010
2651054;UHE GOV. NEY AMINTHAS SOLAIS NOVO;Pluviométrica;Sim;;CORONEL DOMINGOS SOARES;COPEL;COPEL;Sim;;-26.0931;-51.8797;RES. ANA/ANEEL N. 03/2010
2552009;UHE SALTO OSÓRIO LARANJEIRAS DO SUL;Pluviométrica;Sim;;LARANJEIRAS DO SUL;ENGIE;ENGIE;Sim;;-25.3978;-52.435;RES. ANA/ANEEL N. 03/2010
2553069;BOA VISTA DA APARECIDA;Pluviométrica;Sim;;BOA VISTA DA APARECIDA;COPEL;COPEL;Sim;;-25.5225;-53.3631;TELEMÉTRICA
2553070;UHE GOV. JOSÉ RICHA PORTO CAPANEMA;Pluviométrica;Sim;;CAPANEMA;COPEL;COPEL;Sim;;-25.5667;-53.9333;RES. ANA/ANEEL N. 03/2010
2651000;UNIÃO DA VITÓRIA;Pluviométrica;Sim;;UNIÃO DA VITÓRIA;COPEL;IAT-PR;Sim;;-26.2281;-51.0803;
2553079;UHE SALTO OSÓRIO BARRAMENTO;Pluviométrica;Sim;;QUEDAS DO IGUAÇU;ENGIE;ENGIE;Não;;-25.5386;-53.0097;RES. ANA/ANEEL N. 03/2010
2553059;UHE ITAIPU PORTO CAPANEMA;Pluviométrica;Sim;;SERRANÓPOLIS DO IGUAÇU;ITAIPU;ITAIPU;Sim;;-25.5667;-53.9331;RES. ANA/ANEEL N. 03/2010
2553089;CGH JARACATIÁ BARRAMENTO;Pluviométrica;Sim;;SALTO DO LONTRA;JARACATIA;JARACATIA;Sim;;-25.6914;-53.29;RES. ANA/ANEEL N. 03/2010
2553052;PCH ARTURO ANDREOLI FLOR DA SERRA;Pluviométrica;Sim;;DOIS VIZINHOS;FOZ DO CHOPIM;FOZ DO CHOPIM;Sim;;-25.6822;-52.9844;RES. ANA/ANEEL N. 03/2010
2652048;PCH ARTURO ANDREOLI PORTO PALMEIRINHA;Pluviométrica;Sim;;CORONEL VIVIDA;FOZ DO CHOPIM;FOZ DO CHOPIM;Sim;;-26.0289;-52.6281;RES. ANA/ANEEL N. 03/2010
